Year,Matchday,T1,T2,FTG_T1,FTG_T2,FR,HTG_T1,HTG_T2,HTR,G_0_15_T1,G_16_30_T1,G_31_HT_T1,G_46_60_T1,G_61_75_T1,G_76_FT_T1,G_0_15_T2,G_16_30_T2,G_31_HT_T2,G_46_60_T2,G_61_75_T2,G_76_FT_T2,Form_T1,Form_T2,Coach_T1,Coach_T2,BP_T1,BP_T2,PA_T1,PA_T2,PA%_T1,PA%_T2,SonT_T1,SonT_T2,SonT%_T1,SonT%_T2,Sav_T1,Sav_T2,Sav%_T1,Sav%_T2,Fls_T1,Fls_T2,Crn_T1,Crn_T2,Crs_T1,Crs_T2,Tch_T1,Tch_T2,Tck_T1,Tck_T2,Int_T1,Int_T2,Arl_T1,Arl_T2,Clr_T1,Clr_T2,Off_T1,Off_T2,GK_T1,GK_T2,Thr_T1,Thr_T2,LB_T1,LB_T2,YC_T1,2YC_T1,RC_T1,YC_T2,2YC_T2,RC_T2,Std,Ref,Ass1,Ass2,4thRef
2020,1,Shonan Bellmare,Urawa Red Diamonds,2,3,A,1,2,A,1,0,0,0,1,0,0,0,2,0,0,1,3-1-4-2,4-4-2,Bin Ukishima,Takeshi Ōtsuki,56%,44%,378/485,278/376,78%,74%,2/11,6/9,18%,67%,3/6,0/2,50%,0%,10,10,7,5,21,17,670,568,19,18,4,23,13,27,20,27,2,1,5,7,24,23,79,72,1,0,0,0,0,0,Shonan BMW Stadium,Ryūji Satō,Osamu Nomura,Osamu Akasaka,Takuto Okabe
2020,1,Vegalta Sendai,Nagoya Grampus,1,1,D,1,1,D,0,1,0,0,0,0,0,0,1,0,0,0,4-4-2,4-2-3-1,Takashi Kiyama,Massimo Ficcadenti,32%,68%,164/274,469/593,60%,79%,3/12,3/20,25%,15%,2/3,2/3,66%,66%,20,7,5,7,19,22,508,836,20,20,18,8,17,23,21,13,1,0,15,4,23,30,64,56,1,0,0,1,0,0,Yurtec Stadium Sendai,Akihiko Ikeuchi,Taku Nakano,Koji Morikawa,Reo Tanaka
2020,1,Cerezo Osaka,Oita Trinita,1,0,H,1,0,H,1,0,0,0,0,0,0,0,0,0,0,0,4-4-2,3-4-3,Lotina,Tomohiro Katanosaka,42%,58%,360/423,507/572,85%,89%,3/12,2/18,25%,11%,2/2,2/3,100%,66%,5,13,6,12,19,40,599,738,7,10,7,4,15,12,30,11,0,2,10,7,16,17,53,51,0,0,0,0,0,0,Yanmar Stadium Nagai,Minoru Tōjō,Mitsuharu Taketa,Yusuke Hamamoto,Haruhiro Otsuka
2020,1,Kashiwa Reysol,Hokkaido Consadole Sapporo,4,2,H,2,0,H,1,1,0,1,1,0,0,0,0,0,1,1,4-3-3,3-4-3,Nélson Baptista,Mihailo Petrović,47%,54%,316/420,350/472,75%,74%,14/27,7/25,52%,28%,5/7,8/14,71%,57%,9,8,7,7,16,26,650,707,18,21,22,9,15,12,18,10,2,0,15,12,17,25,79,77,1,0,0,0,0,0,Sankyo Frontier Kashiwa Stadium,Masaaki Toma,Jun Mihara,Tomokazu Tajiri,Yuki Tsukakoshi
2020,1,Kawasaki Frontale,Sagan Tosu,0,0,D,0,0,D,0,0,0,0,0,0,0,0,0,0,0,0,4-3-3,4-3-3,Toru Oniki,Kim Myunghwi,66%,34%,552/629,236/318,88%,74%,4/23,1/5,17%,20%,1/1,4/4,100%,100%,6,10,8,6,24,12,814,482,12,13,16,8,24,15,8,25,2,1,7,17,20,14,46,65,0,0,0,2,0,0,Kawasaki Todoroki Stadium,Hiroyuki Kimura,Ryo Hirama,Ryosuke Murai,Hirokazu Otsubo
2020,1,Shimizu S-Pulse,FC Tokyo,1,3,A,0,0,D,0,0,0,1,0,0,0,0,0,0,0,3,4-2-3-1,4-3-3,Peter Cklamovski,Kenta Hasegawa,64%,36%,475/551,219/298,86%,73%,4/14,6/12,29%,50%,3/6,3/4,50%,75%,10,10,5,6,16,16,746,505,14,24,9,9,8,13,14,16,1,1,9,12,22,24,28,50,0,0,0,1,0,0,IAI Stadium Nihondaira,Yusuke Araki,Takumi Takagi,Takeshi Asada,Hiroki Katsumata
2020,1,Sanfrecce Hiroshima,Kashima Antlers,3,0,H,2,0,H,0,2,0,0,0,1,0,0,0,0,0,0,3-4-3,4-4-2,Hiroshi Jofuku,Antônio Carlos,34%,66%,208/298,514/611,70%,84%,6/12,3/17,50%,18%,3/3,3/6,100%,50%,5,8,7,10,19,24,499,831,22,19,10,7,9,22,17,13,1,1,13,6,18,38,66,67,0,0,0,3,0,0,EDION Stadium,Hiroki Kasahara,Hiroshi Yamauchi,Noriyuki Suzuki,Akihito Kawasaki
2020,1,Yokohama F. Marinos,Gamba Osaka,1,2,A,0,2,A,0,0,0,0,1,0,1,0,1,0,0,0,4-2-3-1,4-1-4-1,Ange Postecoglou,Tsuneyasu Miyamoto,72%,28%,642/746,180/282,86%,64%,5/21,7/11,24%,64%,5/7,3/5,71%,60%,7,9,5,6,26,17,993,509,13,18,9,18,18,9,11,47,4,3,5,15,41,19,30,64,0,0,0,0,0,0,Nissan Stadium,Koichiro Fukushima,Isao Nishihashi,Hironobu Kikawada,Hideaki Nishio
2020,1,Vissel Kobe,Yokohama FC,1,1,D,0,1,A,0,0,0,0,1,0,0,1,0,0,0,0,4-1-4-1,4-2-3-1,Thorsten Fink,Takahiro Shimotaira,69%,31%,677/760,255/350,89%,73%,7/18,2/3,39%,67%,1/2,5/7,50%,71%,7,8,8,0,30,9,955,531,9,12,16,13,17,10,11,36,0,1,0,9,23,21,53,51,0,0,0,1,0,0,NOEVIR Stadium Kobe,Yuichi Nishimura,Satoshi Karakami,Yukitaka 26Kumagai,Mikiya Nishimura
2020,2,Yokohama FC,Hokkaido Consadole Sapporo,1,2,A,1,1,D,0,1,0,0,0,0,1,0,0,1,0,0,3-1-4-2,3-4-3,Takahiro Shimotaira,Mihailo Petrović,56%,44%,518/600,384/468,86%,82%,3/11,3/11,27%,27%,1/3,2/3,33%,66%,13,8,4,6,16,18,768,622,10,12,16,17,9,18,16,13,2,1,9,12,20,15,54,60,1,0,0,0,0,0,NHK Spring Mitsuzawa Football Stadium,Masaaki Toma,Ryo Hirama,Akihiro Takeda,Takeshi Suhara
2020,2,Shimizu S-Pulse,Nagoya Grampus,1,2,A,1,2,A,0,1,0,0,0,0,0,0,2,0,0,0,4-2-3-1,4-2-3-1,Peter Cklamovski,Massimo Ficcadenti,58%,42%,467/541,321/382,86%,84%,4/11,7/16,36%,44%,5/7,3/4,71%,75%,17,5,9,4,23,19,726,574,11,15,8,11,11,8,13,18,1,1,13,8,28,13,44,58,3,0,0,1,1,0,IAI Stadium Nihondaira,Shinji Murakami,Tadashi Baba,Noriyuki Suzuki,Masuya Ueda
2020,2,Gamba Osaka,Cerezo Osaka,1,2,A,0,1,A,0,0,0,0,1,0,0,0,1,0,1,0,3-1-4-2,4-4-2,Tsuneyasu Miyamoto,Lotina,60%,40%,517/600,327/406,86%,81%,5/14,4/11,36%,36%,2/4,4/5,50%,80%,11,7,6,3,30,13,756,562,13,12,11,13,25,22,12,23,1,2,7,8,15,16,60,63,0,0,0,1,0,0,Panasonic Stadium Suita,Ryūji Satō,Osamu Nomura,Kentaro Matsui,Hiromichi Oka
2020,2,Oita Trinita,Sagan Tosu,2,0,H,0,0,D,0,0,0,0,1,1,0,0,0,0,0,0,3-4-3,4-3-3,Tomohiro Katanosaka,Kim Myunghwi,53%,47%,514/588,452/528,87%,86%,5/8,4/12,63%,33%,4/4,3/5,100%,60%,11,8,2,6,15,11,709,654,8,3,5,9,18,12,20,14,1,1,8,7,14,20,72,58,0,0,0,0,0,0,Ōita Bank Dome,Koichiro Fukushima,Isao Nishihashi,Yukimasa Anai,Hiroki Kasahara
2020,2,Kawasaki Frontale,Kashima Antlers,2,1,H,2,1,H,1,1,0,0,0,0,0,0,1,0,0,0,4-1-4-1,4-4-2,Toru Oniki,Antônio Carlos,50%,50%,325/418,321/411,78%,78%,3/11,3/12,27%,25%,3/3,1/3,100%,33%,6,14,8,11,20,30,599,575,11,13,11,13,15,13,26,9,4,1,8,10,23,22,58,68,2,0,0,3,0,0,Kawasaki Todoroki Stadium,Jumpei Iida,Hiroyuki Igarashi,Naoya Okawa,Kazuyoshi Enomoto
2020,2,Kashiwa Reysol,FC Tokyo,0,1,A,0,0,D,0,0,0,0,0,0,0,0,0,0,1,0,4-1-4-1,4-3-3,Nélson Baptista,Kenta Hasegawa,55%,45%,386/467,302/387,83%,78%,1/10,4/11,10%,36%,3/4,1/1,75%,100%,12,14,2,5,15,10,627,535,13,16,13,4,13,6,11,16,2,2,5,11,24,23,60,51,2,1,0,1,0,0,Sankyo Frontier Kashiwa Stadium,Yusuke Araki,Takumi Takagi,Koji Morikawa,Shu Kawamata
2020,2,Urawa Red Diamonds,Yokohama F. Marinos,0,0,D,0,0,D,0,0,0,0,0,0,0,0,0,0,0,0,4-4-2,4-2-3-1,Takeshi Ōtsuki,Ange Postecoglou,24%,76%,150/242,666/759,62%,88%,2/13,3/15,15%,20%,3/3,2/2,100%,100%,14,15,3,13,9,31,431,950,18,14,16,7,11,10,20,8,5,1,12,11,23,26,80,51,2,0,0,0,0,0,Saitama Stadium 2002,Yuichi Nishimura,Hiroshi Yamauchi,Yuki Tsukakoshi,Toru Kakinuma
2020,2,Shonan Bellmare,Vegalta Sendai,0,1,A,0,1,A,0,0,0,0,0,0,1,0,0,0,0,0,3-5-2,4-3-3,Bin Ukishima,Takashi Kiyama,56%,44%,394/498,268/371,79%,72%,2/11,4/19,18%,21%,3/4,2/2,75%,100%,12,9,3,9,12,24,673,562,17,17,15,6,22,28,17,24,1,2,13,10,26,19,81,54,2,0,0,1,0,0,Shonan BMW Stadium,Hiroyuki Kimura,Tomokazu Tajiri,Hiroki Katsumata,Yosuke Kubota
2020,2,Vissel Kobe,Sanfrecce Hiroshima,0,3,A,0,1,A,0,0,0,0,0,0,0,0,1,1,0,1,3-5-2,3-4-3,Thorsten Fink,Hiroshi Jofuku,67%,33%,626/697,266/335,90%,79%,4/18,5/13,22%,38%,2/5,4/4,40%,100%,19,13,7,2,13,11,861,500,14,18,10,15,7,11,4,18,0,1,5,9,19,11,40,52,1,0,0,2,0,0,NOEVIR Stadium Kobe,Yudai Yamamoto,Yosuke Takabe,Kota Watanabe,Ryo Tanimoto
2020,3,Vegalta Sendai,Urawa Red Diamonds,1,2,A,0,1,A,0,0,0,1,0,0,0,0,1,0,0,1,4-3-3,4-4-2,Takashi Kiyama,Takeshi Ōtsuki,45%,55%,350/421,455/534,83%,85%,4/17,9/20,24%,45%,7/9,3/4,77%,75%,7,9,6,7,29,21,624,717,12,17,16,9,10,16,13,18,0,2,7,9,20,22,51,61,0,0,0,1,0,0,Yurtec Stadium Sendai,Futoshi Nakamura,Takumi Takagi,Osamu Akasaka,Hiroyoshi Takayama
2020,3,Cerezo Osaka,Shimizu S-Pulse,2,0,H,0,0,D,0,0,0,0,1,1,0,0,0,0,0,0,4-4-2,4-3-3,Lotina,Peter Cklamovski,54%,46%,474/534,402/460,89%,87%,5/19,3/12,26%,25%,3/3,3/5,100%,60%,8,12,5,2,24,17,723,638,12,21,17,13,9,12,10,14,3,1,10,9,21,14,54,38,1,0,0,1,0,0,Yanmar Stadium Nagai,Yoshiro Imamura,Yosuke Takabe,Yusuke Hamamoto,Ryosuke Murai
2020,3,Kashiwa Reysol,Yokohama FC,1,3,A,1,1,D,0,0,1,0,0,0,0,1,0,1,0,1,4-4-2,3-1-4-2,Nélson Baptista,Takahiro Shimotaira,48%,52%,326/421,374/469,77%,80%,4/18,2/5,22%,40%,0/2,3/4,0%,75%,7,11,7,1,21,6,587,632,16,11,15,13,16,8,6,23,3,3,0,9,23,28,59,67,1,0,0,1,0,0,Sankyo Frontier Kashiwa Stadium,Jumpei Iida,Yagi Akane,Takeshi Asada,Hayato Shimizu
2020,3,Sanfrecce Hiroshima,Oita Trinita,1,2,A,1,0,H,1,0,0,0,0,0,0,0,0,0,0,2,3-4-3,3-4-3,Hiroshi Jofuku,Tomohiro Katanosaka,45%,56%,423/498,555/624,85%,89%,3/12,7/17,25%,41%,5/7,2/3,71%,66%,5,5,7,7,18,22,647,758,4,7,8,11,16,12,23,15,4,2,6,6,18,17,69,65,0,0,0,0,0,0,EDION Stadium,Akihiko Ikeuchi,Jun Mihara,Shinji Ochi,Takao Nishiyama
2020,3,Yokohama F. Marinos,Shonan Bellmare,3,2,H,0,0,D,0,0,0,0,1,2,0,0,0,1,0,1,4-2-3-1,3-5-2,Ange Postecoglou,Bin Ukishima,74%,26%,561/643,120/222,87%,54%,5/12,4/10,42%,40%,2/4,2/5,50%,40%,17,16,8,3,24,13,841,399,11,19,6,10,15,6,13,22,8,1,8,9,33,25,47,86,2,0,0,5,0,0,Nissan Stadium,Ryūji Satō,Satoshi Karakami,Masahiro Horikoshi,Hiroyuki Igarashi
2020,3,Kashima Antlers,Hokkaido Consadole Sapporo,0,2,A,0,1,A,0,0,0,0,0,0,1,0,0,0,0,1,4-4-2,3-4-3,Antônio Carlos,Mihailo Petrović,54%,46%,468/553,395/484,85%,82%,5/20,5/7,25%,71%,3/5,5/5,60%,100%,10,12,4,0,23,12,721,644,9,8,14,17,20,15,14,21,3,0,5,12,18,16,70,72,1,0,0,5,0,0,Kashima Soccer Stadium,Yusuke Araki,Hideaki Nishio,Tomohisa Gonda,Keigo Sendachi
2020,3,Sagan Tosu,Vissel Kobe,0,1,A,0,0,D,0,0,0,0,0,0,0,0,0,0,1,0,4-3-3,4-3-2-1,Kim Myunghwi,Thorsten Fink,30%,70%,231/300,650/739,77%,88%,2/13,5/8,15%,63%,4/5,2/2,80%,100%,6,8,5,4,15,10,455,876,11,16,24,13,12,10,13,9,2,2,6,13,12,22,45,60,1,0,0,0,0,0,Ekimae Real Estate Stadium,Hiroki Kasahara,Osamu Nomura,Yusuke Murata,Tetsuro Yoshida
2020,3,Nagoya Grampus,Gamba Osaka,2,2,D,2,1,H,0,1,1,0,0,0,1,0,0,0,0,1,4-2-3-1,3-5-2,Massimo Ficcadenti,Tsuneyasu Miyamoto,41%,59%,339/431,519/613,79%,85%,3/8,3/13,38%,23%,1/3,1/3,33%,33%,12,17,1,1,7,19,598,772,14,20,12,4,12,19,17,8,0,1,11,8,20,26,55,55,2,0,0,0,0,0,Toyota Stadium,Yudai Yamamoto,Isao Nishihashi,Akihito Kawasaki,Atsushi Kamimura
2020,3,FC Tokyo,Kawasaki Frontale,0,4,A,0,4,A,0,0,0,0,0,0,0,3,1,0,0,0,4-3-3,4-3-3,Kenta Hasegawa,Toru Oniki,39%,61%,275/353,482/560,78%,86%,3/13,8/18,23%,44%,3/8,3/3,37%,100%,12,15,8,5,16,10,543,737,20,25,12,11,9,8,11,13,4,1,6,8,18,20,43,48,0,0,0,1,0,0,Ajinomoto Stadium,Hiroyuki Kimura,Hiroshi Yamauchi,Hiroki Katsumata,Takuto Okabe
2020,4,Kawasaki Frontale,Kashiwa Reysol,3,1,H,2,0,H,0,0,2,1,0,0,0,0,0,1,0,0,4-1-4-1,4-1-4-1,Toru Oniki,Nélson Baptista,59%,41%,568/655,356/449,87%,79%,6/15,1/5,40%,20%,0/1,3/6,0%,50%,11,15,6,4,18,15,837,616,9,16,10,14,9,7,11,15,0,1,4,11,19,23,41,52,3,0,0,2,0,0,Kawasaki Todoroki Stadium,Masuya Ueda,Takahiro Okano,Yuki Tsukakoshi,Tomokazu Tajiri
2020,4,Oita Trinita,Vissel Kobe,1,1,D,1,1,D,0,1,0,0,0,0,1,0,0,0,0,0,3-4-3,4-1-4-1,Tomohiro Katanosaka,Thorsten Fink,38%,62%,311/384,562/642,81%,88%,4/11,3/14,36%,21%,2/3,3/4,66%,75%,9,8,2,5,11,18,518,787,9,10,6,7,15,12,18,8,1,0,11,5,18,19,73,55,0,0,0,0,0,0,Ōita Bank Dome,Yoshiro Imamura,Toshiyuki Wazumi,Hisashi Nakai,Takao Ueda
2020,4,Shimizu S-Pulse,Gamba Osaka,1,2,A,0,1,A,0,0,0,0,0,1,0,0,1,0,0,1,4-2-3-1,4-4-2,Peter Cklamovski,Tsuneyasu Miyamoto,59%,41%,476/554,298/381,86%,78%,6/21,9/15,29%,60%,7/9,5/6,77%,83%,7,7,7,5,30,19,727,551,16,18,3,14,21,10,20,17,4,3,7,16,19,21,73,58,1,0,0,1,0,0,IAI Stadium Nihondaira,Masaaki Toma,Taku Nakano,Toshiyuki Tanaka,Ryo Nakazawa
2020,4,Sagan Tosu,Sanfrecce Hiroshima,0,0,D,0,0,D,0,0,0,0,0,0,0,0,0,0,0,0,4-2-3-1,3-4-3,Kim Myunghwi,Hiroshi Jofuku,52%,48%,469/547,413/498,86%,83%,2/5,1/12,40%,8%,1/1,2/2,100%,100%,11,12,2,4,10,18,700,636,13,14,11,9,6,18,20,9,1,2,9,5,16,15,48,49,0,0,0,1,0,0,Ekimae Real Estate Stadium,Koichiro Fukushima,Isao Nishihashi,Yusuke Shiotsu,Yukimasa Anai
2020,4,Yokohama FC,Vegalta Sendai,1,1,D,1,0,H,0,0,1,0,0,0,0,0,0,1,0,0,3-5-2,4-3-3,Takahiro Shimotaira,Takashi Kiyama,61%,39%,448/548,241/335,82%,72%,2/6,3/13,33%,23%,2/3,1/2,66%,50%,13,15,3,4,15,26,712,499,11,12,16,15,17,19,15,10,3,1,14,7,22,20,77,54,0,0,0,3,0,0,NHK Spring Mitsuzawa Football Stadium,Hiroyoshi Takayama,Hiroshi Yamauchi,Koji Morikawa,Toru Kakinuma
2020,4,Shonan Bellmare,Hokkaido Consadole Sapporo,0,0,D,0,0,D,0,0,0,0,0,0,0,0,0,0,0,0,3-1-4-2,3-4-3,Bin Ukishima,Mihailo Petrović,48%,52%,365/445,406/478,82%,85%,4/14,2/8,29%,25%,2/2,3/4,100%,75%,10,12,6,6,20,21,604,655,17,18,3,9,15,16,19,20,0,2,7,6,23,24,64,52,1,0,0,0,0,0,Shonan BMW Stadium,Yuichi Nishimura,Takumi Takagi,Hiroki Katsumata,Keigo Sendachi
2020,4,Cerezo Osaka,Nagoya Grampus,0,2,A,0,1,A,0,0,0,0,0,0,0,0,1,0,1,0,4-4-2,4-2-3-1,Lotina,Massimo Ficcadenti,64%,36%,568/653,297/369,87%,80%,2/12,4/12,17%,33%,3/4,2/2,75%,100%,9,10,6,6,18,14,813,517,12,19,6,11,20,9,12,18,1,2,6,9,28,9,57,58,2,0,0,1,0,0,Yanmar Stadium Nagai,Shinji Murakami,Osamu Nomura,Mikiya Nishimura,Ryo Tanimoto
2020,4,Urawa Red Diamonds,Kashima Antlers,1,0,H,0,0,D,0,0,0,1,0,0,0,0,0,0,0,0,4-4-2,4-4-2,Takeshi Ōtsuki,Antônio Carlos,35%,65%,188/281,418/506,67%,83%,1/7,1/7,14%,14%,0/1,0/1,0%,0%,18,17,4,5,12,30,455,689,15,19,8,11,13,24,23,10,1,0,16,6,26,20,67,72,3,0,0,2,0,0,Saitama Stadium 2002,Hiroyuki Kimura,Satoshi Karakami,Hironobu Kikawada,Takuto Okabe
2020,4,Yokohama F. Marinos,FC Tokyo,1,3,A,1,2,A,1,0,0,0,0,0,0,1,1,1,0,0,4-2-3-1,4-2-3-1,Ange Postecoglou,Kenta Hasegawa,77%,23%,650/745,136/224,87%,61%,1/12,5/8,8%,63%,2/5,0/1,40%,0%,20,10,5,1,27,7,926,428,14,25,7,26,12,8,7,27,3,6,5,13,30,15,40,80,3,0,0,2,0,0,Nissan Stadium,Minoru Tōjō,Hiroyuki Igarashi,Yukitaka 26Kumagai,Futoshi Nakamura
2020,5,Vegalta Sendai,Hokkaido Consadole Sapporo,2,2,D,1,0,H,0,1,0,1,0,0,0,0,0,0,1,1,4-3-3,3-4-3,Takashi Kiyama,Mihailo Petrović,49%,51%,349/417,368/444,84%,83%,7/19,7/15,37%,47%,5/7,5/7,71%,71%,13,15,7,5,30,20,609,615,14,12,19,15,21,17,21,12,1,0,5,12,16,15,53,52,2,0,0,4,0,1,Yurtec Stadium Sendai,Jumpei Iida,Masahiro Horikoshi,Takeshi Asada,Ryosuke Yamaoka
2020,5,Yokohama FC,Kawasaki Frontale,1,5,A,0,1,A,0,0,0,1,0,0,0,1,0,0,1,3,3-5-2,4-3-3,Takahiro Shimotaira,Toru Oniki,51%,49%,505/584,454/547,86%,83%,2/10,10/24,20%,42%,5/10,1/2,50%,50%,8,6,2,9,15,20,750,713,20,9,15,7,15,9,23,11,1,2,9,9,15,22,52,44,0,0,0,0,0,0,NHK Spring Mitsuzawa Football Stadium,Minoru Tōjō,Naoya Okawa,Akihiro Takeda,Tomohiro Inoue
2020,5,Kashima Antlers,Yokohama F. Marinos,4,2,H,1,1,D,1,0,0,1,1,1,1,0,0,0,1,0,4-4-2,4-2-3-1,Antônio Carlos,Ange Postecoglou,30%,70%,199/291,610/690,68%,88%,8/15,4/13,53%,31%,2/4,4/8,50%,50%,14,17,1,5,14,10,470,881,19,12,15,10,8,7,5,15,3,3,11,8,19,20,69,45,0,0,0,0,0,0,Kashima Soccer Stadium,Yuichi Nishimura,Takumi Takagi,Osamu Akasaka,Koji Morikawa
2020,5,Nagoya Grampus,Sagan Tosu,1,0,H,0,0,D,0,0,0,0,1,0,0,0,0,0,0,0,4-2-3-1,4-1-4-1,Massimo Ficcadenti,Kim Myunghwi,54%,46%,455/538,386/462,85%,84%,3/8,3/9,38%,33%,3/3,2/3,100%,66%,11,16,2,4,15,10,664,601,7,12,9,14,9,16,10,15,1,4,6,7,16,24,63,56,2,0,0,2,1,0,Toyota Stadium,Yoshiro Imamura,Haruhiro Otsuka,Noriyuki Suzuki,Atsushi Kamimura
2020,5,Kashiwa Reysol,Shonan Bellmare,3,2,H,2,0,H,0,1,1,0,1,0,0,0,0,0,1,1,4-2-3-1,3-5-2,Nélson Baptista,Bin Ukishima,43%,57%,272/365,397/504,75%,79%,4/12,5/9,33%,56%,3/5,2/4,60%,50%,15,6,5,4,26,17,532,668,8,18,11,10,13,12,18,18,5,0,10,10,24,16,70,58,1,0,0,1,0,0,Sankyo Frontier Kashiwa Stadium,Takuto Okabe,Hiroshi Yamauchi,Hideaki Nishio,Hirokazu Otsubo
2020,5,Vissel Kobe,Shimizu S-Pulse,3,1,H,1,0,H,0,0,1,1,1,0,0,0,0,0,1,0,4-3-3,4-3-3,Thorsten Fink,Peter Cklamovski,52%,48%,484/556,449/511,87%,88%,5/17,4/10,29%,40%,3/4,2/5,75%,40%,7,15,8,3,11,14,721,665,11,10,19,18,8,6,15,18,4,0,10,7,16,16,44,36,1,0,0,2,0,0,NOEVIR Stadium Kobe,Koei Koya,Isao Nishihashi,Yusuke Hamamoto,Tadashi Baba
2020,5,FC Tokyo,Urawa Red Diamonds,2,0,H,1,0,H,0,0,1,0,1,0,0,0,0,0,0,0,4-2-3-1,4-4-2,Kenta Hasegawa,Takeshi Ōtsuki,44%,56%,323/394,420/495,82%,85%,3/13,1/8,23%,13%,1/1,1/3,100%,33%,9,10,3,8,9,24,561,661,12,19,12,10,7,14,18,16,1,2,7,10,15,19,46,53,1,0,0,2,0,0,Ajinomoto Stadium,Yusuke Araki,Yagi Akane,Tomohisa Gonda,Shu Kawamata
2020,5,Gamba Osaka,Oita Trinita,2,1,H,1,1,D,0,0,1,1,0,0,0,0,1,0,0,0,4-4-2,3-4-3,Tsuneyasu Miyamoto,Tomohiro Katanosaka,54%,46%,524/594,421/495,88%,85%,6/16,3/6,38%,50%,2/3,4/6,66%,66%,3,10,2,2,18,17,744,628,7,11,8,13,11,12,13,23,2,2,4,13,29,17,42,71,0,0,0,0,0,0,Panasonic Stadium Suita,Nobutsugu Murakami,Osamu Nomura,Kota Watanabe,Takayuki Shimizu
2020,5,Sanfrecce Hiroshima,Cerezo Osaka,1,2,A,0,1,A,0,0,0,1,0,0,0,1,0,1,0,0,3-5-2,4-4-2,Hiroshi Jofuku,Lotina,48%,52%,407/472,433/513,86%,84%,7/15,2/9,47%,22%,1/2,6/7,50%,85%,17,12,5,3,22,16,640,670,12,9,11,10,18,18,12,14,3,0,8,6,16,17,46,70,1,0,0,0,0,0,EDION Stadium,Yudai Yamamoto,Jun Mihara,Toshiyuki Tanaka,Akihiko Ikeuchi
2020,6,Yokohama F. Marinos,Yokohama FC,4,0,H,1,0,H,0,0,1,1,2,0,0,0,0,0,0,0,4-2-3-1,3-5-2,Ange Postecoglou,Takahiro Shimotaira,55%,45%,447/541,345/436,83%,79%,6/19,3/12,32%,25%,3/3,3/6,100%,50%,16,7,7,7,16,24,755,674,14,25,23,21,10,5,23,17,3,5,7,6,32,26,48,65,2,0,0,2,0,0,Nissan Stadium,Masaaki Toma,Takahiro Okano,Yukitaka 26Kumagai,Reo Tanaka
2020,6,Shonan Bellmare,Kashima Antlers,1,0,H,0,0,D,0,0,0,0,1,0,0,0,0,0,0,0,3-4-3,4-4-2,Bin Ukishima,Antônio Carlos,33%,67%,213/312,502/615,68%,82%,6/11,1/16,55%,6%,1/1,5/6,100%,83%,12,9,3,6,14,33,479,784,16,12,14,6,15,21,26,8,0,1,10,9,21,26,79,118,1,0,0,3,0,0,Shonan BMW Stadium,Minoru Tōjō,Yagi Akane,Takeshi Suhara,Tomokazu Tajiri
2020,6,Sagan Tosu,Shimizu S-Pulse,1,1,D,1,1,D,0,0,1,0,0,0,0,1,0,0,0,0,4-3-3,4-3-3,Kim Myunghwi,Peter Cklamovski,52%,48%,391/438,359/413,89%,87%,4/18,5/15,22%,33%,3/5,4/4,60%,100%,9,6,10,7,36,18,628,578,13,12,8,14,10,9,14,23,1,3,5,14,26,14,41,28,1,0,0,2,0,0,Ekimae Real Estate Stadium,Shinji Murakami,Osamu Nomura,Toshiyuki Wazumi,Tetsuro Yoshida
2020,6,Gamba Osaka,Sanfrecce Hiroshima,1,0,H,1,0,H,0,0,1,0,0,0,0,0,0,0,0,0,3-5-2,3-4-3,Tsuneyasu Miyamoto,Hiroshi Jofuku,45%,55%,418/515,545/622,81%,88%,2/14,5/19,14%,26%,5/5,0/2,100%,0%,7,10,5,5,20,33,672,802,9,12,11,14,17,22,18,11,2,2,10,9,9,18,49,53,0,0,0,1,0,0,Panasonic Stadium Suita,Ryūji Satō,Haruhiro Otsuka,Kentaro Matsui,Koei Koya
2020,6,Hokkaido Consadole Sapporo,FC Tokyo,1,1,D,1,0,H,0,0,1,0,0,0,0,0,0,0,0,1,3-4-3,4-2-3-1,Mihailo Petrović,Kenta Hasegawa,49%,51%,372/460,403/493,81%,82%,3/9,4/12,33%,33%,3/4,2/3,75%,66%,23,15,4,4,19,12,634,665,21,15,11,14,8,19,10,7,1,2,10,7,11,10,73,58,4,0,0,2,0,0,Sapporo Dome,Hiroyuki Kimura,Hiroshi Yamauchi,Tomohisa Gonda,Shoichiro Mikami
2020,6,Urawa Red Diamonds,Kashiwa Reysol,0,4,A,0,1,A,0,0,0,0,0,0,0,0,1,2,0,1,4-4-2,4-2-3-1,Takeshi Ōtsuki,Nélson Baptista,58%,42%,474/576,316/421,82%,75%,6/18,7/10,33%,70%,3/7,5/6,42%,83%,14,11,5,1,20,9,742,603,11,16,7,13,8,13,7,28,0,2,5,9,28,20,46,86,1,0,0,2,0,0,Saitama Stadium 2002,Jumpei Iida,Takumi Takagi,Naoya Okawa,Futoshi Nakamura
2020,6,Vegalta Sendai,Kawasaki Frontale,2,3,A,2,0,H,0,1,1,0,0,0,0,0,0,2,1,0,4-1-4-1,4-1-4-1,Takashi Kiyama,Toru Oniki,37%,63%,292/375,570/639,78%,89%,2/11,6/21,18%,29%,3/6,0/2,50%,0%,10,6,3,7,12,25,532,812,19,15,10,11,15,10,18,10,2,1,19,9,14,19,55,49,0,0,0,0,0,0,Yurtec Stadium Sendai,Yuichi Nishimura,Ryo Hirama,Hironobu Kikawada,Kazuyoshi Karashima
2020,6,Cerezo Osaka,Vissel Kobe,0,0,D,0,0,D,0,0,0,0,0,0,0,0,0,0,0,0,4-4-2,3-5-2,Lotina,Thorsten Fink,50%,50%,459/521,473/533,88%,89%,3/11,4/7,27%,57%,4/4,3/3,100%,100%,10,13,5,2,17,14,658,653,5,9,6,7,11,4,14,11,1,2,6,10,14,11,71,51,0,0,0,2,0,0,Yanmar Stadium Nagai,Masuya Ueda,Akihito Kawasaki,Ryosuke Murai,Hiromichi Oka
2020,6,Oita Trinita,Nagoya Grampus,0,3,A,0,1,A,0,0,0,0,0,0,0,0,1,1,1,0,3-4-3,4-2-3-1,Tomohiro Katanosaka,Massimo Ficcadenti,53%,47%,449/515,405/471,87%,86%,2/6,6/9,33%,67%,3/6,2/2,50%,100%,12,6,7,3,26,10,656,609,12,9,5,2,13,11,17,24,2,1,5,5,14,19,80,40,2,0,0,0,0,0,Ōita Bank Dome,Koichiro Fukushima,Isao Nishihashi,Mitsuharu Taketa,Hiroki Kasahara
2020,7,Hokkaido Consadole Sapporo,Yokohama F. Marinos,3,1,H,2,1,H,0,2,0,0,0,1,1,0,0,0,0,0,3-4-3,4-2-3-1,Mihailo Petrović,Ange Postecoglou,34%,66%,263/343,579/668,77%,87%,9/16,4/12,56%,33%,3/4,6/9,75%,66%,13,18,5,4,13,14,532,857,19,14,14,12,5,14,18,15,8,1,10,3,17,26,69,54,1,0,0,3,0,0,Sapporo Dome,Yusuke Araki,Takumi Takagi,Hiroyuki Igarashi,Shoichiro Mikami
2020,7,Yokohama FC,Urawa Red Diamonds,0,2,A,0,0,D,0,0,0,0,0,0,0,0,0,1,0,1,3-5-2,4-4-2,Takahiro Shimotaira,Takeshi Ōtsuki,59%,41%,486/556,312/392,87%,80%,2/15,4/12,13%,33%,2/4,2/2,50%,100%,11,10,5,7,25,16,707,529,5,10,6,11,8,21,16,13,1,2,9,11,19,14,45,58,0,0,0,0,0,0,NHK Spring Mitsuzawa Football Stadium,Takuto Okabe,Hiroshi Yamauchi,Hideaki Nishio,Kazuyoshi Enomoto
2020,7,Shimizu S-Pulse,Oita Trinita,4,2,H,1,0,H,0,0,1,1,1,1,0,0,0,0,0,2,4-2-3-1,3-4-3,Peter Cklamovski,Tomohiro Katanosaka,54%,46%,479/555,395/475,86%,83%,13/22,2/4,59%,50%,0/2,9/13,0%,69%,5,12,6,1,19,15,725,635,11,9,12,19,13,8,17,22,0,3,7,8,22,15,67,60,0,0,0,0,0,0,IAI Stadium Nihondaira,Ryūji Satō,Yosuke Takabe,Masashi Yamagiwa,Yuki Noda
2020,7,Kashima Antlers,FC Tokyo,2,2,D,1,2,A,0,0,1,0,1,0,0,0,2,0,0,0,4-4-2,4-4-2,Antônio Carlos,Kenta Hasegawa,55%,45%,368/459,282/371,80%,76%,8/24,4/16,33%,25%,2/4,6/8,50%,75%,9,14,7,6,24,17,657,589,23,16,13,8,22,21,11,19,1,0,16,8,14,25,75,46,1,0,0,3,0,0,Kashima Soccer Stadium,Jumpei Iida,Tomokazu Tajiri,Yuki Tsukakoshi,Masaki Tsuruoka
2020,7,Kashiwa Reysol,Vegalta Sendai,5,1,H,2,0,H,0,1,1,1,1,1,0,0,0,1,0,0,4-2-3-1,4-1-4-1,Nélson Baptista,Takashi Kiyama,50%,50%,390/472,392/475,83%,83%,8/16,4/13,50%,31%,3/4,3/8,75%,37%,13,10,4,4,18,22,656,642,14,9,13,10,15,13,24,12,0,3,9,8,20,23,85,45,0,0,0,1,0,0,Sankyo Frontier Kashiwa Stadium,Hiroyuki Kimura,Masahiro Horikoshi,Akihiro Takeda,Kazuo Takeda
2020,7,Kawasaki Frontale,Shonan Bellmare,3,1,H,0,0,D,0,0,0,0,1,2,0,0,0,1,0,0,4-1-4-1,3-5-2,Toru Oniki,Bin Ukishima,63%,37%,658/732,332/424,90%,78%,12/29,2/5,41%,40%,1/2,8/12,50%,66%,3,4,6,2,21,6,889,575,15,9,6,15,18,15,6,16,3,1,7,10,18,15,47,73,0,0,0,0,0,0,Kawasaki Todoroki Stadium,Masaaki Toma,Satoshi Karakami,Takeshi Suhara,Osamu Akasaka
2020,7,Sagan Tosu,Cerezo Osaka,1,1,D,0,0,D,0,0,0,1,0,0,0,0,0,0,1,0,4-4-2,4-4-2,Kim Myunghwi,Lotina,41%,59%,291/353,460/526,82%,87%,7/15,2/14,47%,14%,1/2,4/7,50%,57%,9,7,8,5,26,16,511,690,8,18,14,8,15,16,12,18,1,2,8,9,14,18,66,59,1,0,0,2,0,0,Ekimae Real Estate Stadium,Akihiko Ikeuchi,Isao Nishihashi,Mitsuharu Taketa,Hironori Tajima
2020,7,Vissel Kobe,Gamba Osaka,0,2,A,0,0,D,0,0,0,0,0,0,0,0,0,0,1,1,4-3-3,3-5-2,Thorsten Fink,Tsuneyasu Miyamoto,64%,36%,610/681,294/379,90%,78%,4/12,5/9,33%,56%,3/5,4/4,60%,100%,7,17,5,4,15,10,850,521,9,18,15,10,10,15,5,22,2,1,7,8,20,23,61,52,0,0,0,2,0,0,NOEVIR Stadium Kobe,Yudai Yamamoto,Tadashi Baba,Toshiyuki Tanaka,Takao Nishiyama
2020,8,Vegalta Sendai,Yokohama F. Marinos,0,1,A,0,0,D,0,0,0,0,0,0,0,0,0,0,0,1,4-3-3,4-2-3-1,Takashi Kiyama,Ange Postecoglou,26%,74%,148/249,652/750,59%,87%,6/10,4/16,60%,25%,3/4,6/6,75%,100%,11,7,5,14,17,29,421,940,19,12,14,10,12,10,26,10,2,0,14,3,21,32,63,61,0,0,0,2,0,0,Yurtec Stadium Sendai,Futoshi Nakamura,Ryo Hirama,Takeshi Asada,Tomohiro Inoue
2020,8,Nagoya Grampus,Kashiwa Reysol,0,1,A,0,0,D,0,0,0,0,0,0,0,0,0,0,1,0,4-2-3-1,4-2-3-1,Massimo Ficcadenti,Nélson Baptista,50%,50%,355/445,351/454,80%,77%,3/13,4/8,23%,50%,2/4,3/3,50%,100%,11,16,0,4,9,9,630,610,8,23,15,11,19,26,12,15,2,0,4,11,36,18,65,72,2,0,0,2,0,0,Toyota Stadium,Yudai Yamamoto,Haruhiro Otsuka,Tadashi Baba,Hajime Matsuo
2020,8,Yokohama FC,Sanfrecce Hiroshima,0,2,A,0,2,A,0,0,0,0,0,0,0,1,1,0,0,0,3-1-4-2,3-4-3,Takahiro Shimotaira,Hiroshi Jofuku,49%,51%,452/534,461/544,85%,85%,2/8,3/12,25%,25%,1/3,2/2,33%,100%,12,16,3,6,12,16,687,699,11,13,12,12,9,14,12,15,0,0,8,6,22,22,48,49,1,0,0,1,0,0,NHK Spring Mitsuzawa Football Stadium,Hiroyuki Kimura,Hironobu Kikawada,Naoya Okawa,Keigo Sendachi
2020,8,Urawa Red Diamonds,Shimizu S-Pulse,1,1,D,0,0,D,0,0,0,1,0,0,0,0,0,0,0,1,4-4-2,4-2-3-1,Takeshi Ōtsuki,Peter Cklamovski,37%,63%,261/326,478/553,80%,86%,2/11,2/10,18%,20%,1/2,1/2,50%,50%,8,14,8,12,20,30,542,769,10,20,18,11,15,9,26,18,1,2,3,8,15,21,28,41,2,0,0,1,0,0,Saitama Stadium 2002,Yusuke Araki,Isao Nishihashi,Kota Watanabe,Hirokazu Otsubo
2020,8,Oita Trinita,Kashima Antlers,1,4,A,1,2,A,1,0,0,0,0,0,1,0,1,1,0,1,3-4-3,4-4-2,Tomohiro Katanosaka,Antônio Carlos,48%,52%,381/484,418/531,79%,79%,2/8,5/18,25%,28%,1/5,1/2,20%,50%,11,9,3,0,17,7,655,696,21,15,10,8,14,14,17,10,2,3,12,13,20,25,95,76,1,0,0,1,0,0,Ōita Bank Dome,Hiroki Kasahara,Takumi Takagi,Ryosuke Murai,Haruki Hidaka
2020,8,Gamba Osaka,Kawasaki Frontale,0,1,A,0,0,D,0,0,0,0,0,0,0,0,0,1,0,0,3-5-2,4-3-3,Tsuneyasu Miyamoto,Toru Oniki,52%,48%,497/585,460/538,85%,86%,3/14,4/15,21%,27%,3/4,3/3,75%,100%,12,8,5,5,17,13,751,721,11,16,14,23,19,13,7,21,2,4,7,6,26,18,42,47,0,0,0,0,0,0,Panasonic Stadium Suita,Koichiro Fukushima,Shinji Ochi,Kentaro Matsui,Hiromichi Oka
2020,8,FC Tokyo,Sagan Tosu,2,3,A,1,2,A,0,0,1,0,0,1,0,1,1,1,0,0,4-4-2,4-4-2,Kenta Hasegawa,Kim Myunghwi,53%,47%,347/426,310/394,81%,79%,1/11,6/11,9%,55%,3/6,0/1,50%,0%,11,13,4,3,28,16,606,550,16,14,5,4,17,11,8,23,2,3,3,8,23,16,59,53,3,0,0,0,0,0,Ajinomoto Stadium,Masaaki Toma,Yagi Akane,Osamu Akasaka,Kazuyoshi Enomoto
2020,8,Shonan Bellmare,Cerezo Osaka,0,1,A,0,0,D,0,0,0,0,0,0,0,0,0,0,1,0,3-4-3,4-4-2,Bin Ukishima,Lotina,47%,53%,386/446,453/514,87%,88%,1/4,4/15,25%,27%,3/4,1/1,75%,100%,18,7,1,7,22,25,605,690,14,8,17,14,10,19,16,19,1,1,9,6,21,19,61,48,5,0,0,0,0,0,Shonan BMW Stadium,Ryūji Satō,Hiroshi Yamauchi,Taku Nakano,Masuya Ueda
2020,8,Hokkaido Consadole Sapporo,Vissel Kobe,2,3,A,1,2,A,0,1,0,1,0,0,0,0,2,0,1,0,3-4-3,3-1-4-2,Mihailo Petrović,Thorsten Fink,53%,47%,487/555,432/509,88%,85%,5/17,5/13,29%,38%,2/5,3/5,40%,60%,14,5,5,3,30,8,711,660,10,6,12,11,7,15,7,20,0,0,8,13,15,18,65,72,0,0,0,1,0,0,Sapporo Dome,Yuichi Nishimura,Osamu Nomura,Koji Morikawa,Eisuke Harao
2020,9,Shimizu S-Pulse,Hokkaido Consadole Sapporo,3,1,H,1,0,H,0,0,1,0,0,2,0,0,0,1,0,0,4-2-3-1,3-4-3,Peter Cklamovski,Mihailo Petrović,49%,51%,367/427,376/446,86%,84%,5/21,5/16,24%,31%,4/5,2/5,80%,40%,12,15,4,5,17,21,598,607,14,19,11,9,9,3,19,17,0,0,6,14,14,18,39,63,1,0,0,5,1,0,IAI Stadium Nihondaira,Minoru Tōjō,Mitsuharu Taketa,Akihito Kawasaki,Masahiro Yamamura
2020,9,Nagoya Grampus,Urawa Red Diamonds,6,2,H,5,0,H,2,1,2,1,0,0,0,0,0,1,0,1,4-2-3-1,4-4-2,Massimo Ficcadenti,Takeshi Ōtsuki,53%,47%,519/586,446/518,89%,86%,9/19,2/11,47%,18%,0/2,3/9,0%,33%,4,11,5,1,11,9,759,666,15,17,5,17,7,12,11,9,1,0,4,9,11,14,51,48,0,0,0,1,0,0,Toyota Stadium,Masaaki Toma,Satoshi Karakami,Hiroki Katsumata,Atsushi Kamimura
2020,9,Kashima Antlers,Sagan Tosu,2,0,H,0,0,D,0,0,0,0,1,1,0,0,0,0,0,0,4-2-3-1,4-4-2,Antônio Carlos,Kim Myunghwi,47%,53%,322/399,382/453,81%,84%,4/11,3/7,36%,43%,3/3,1/4,100%,25%,16,17,1,3,13,9,546,596,10,11,9,6,10,9,13,16,0,1,6,10,21,17,61,52,1,0,0,1,0,0,Kashima Soccer Stadium,Yuichi Nishimura,Takumi Takagi,Takeshi Suhara,Shu Kawamata
2020,9,Gamba Osaka,Yokohama FC,2,1,H,1,0,H,0,0,1,0,0,1,0,0,0,1,0,0,3-1-4-2,4-4-2,Tsuneyasu Miyamoto,Takahiro Shimotaira,55%,45%,535/608,457/519,88%,88%,4/14,8/16,29%,50%,7/8,2/4,87%,50%,8,6,3,2,26,9,756,659,12,7,8,12,10,8,7,20,3,3,5,7,18,11,50,50,2,0,0,0,0,0,Panasonic Stadium Suita,Koei Koya,Yosuke Takabe,Takahiro Okano,Noriyuki Suzuki
2020,9,Kawasaki Frontale,Oita Trinita,2,0,H,2,0,H,1,1,0,0,0,0,0,0,0,0,0,0,4-1-4-1,3-4-3,Toru Oniki,Tomohiro Katanosaka,50%,50%,539/598,548/608,90%,90%,6/18,1/3,33%,33%,1/1,4/6,100%,66%,5,6,8,1,20,3,730,733,8,14,10,16,2,6,1,21,2,3,2,12,20,9,30,43,0,0,0,0,0,0,Kawasaki Todoroki Stadium,Yusuke Araki,Hiroshi Yamauchi,Masahiro Horikoshi,Hironobu Kikawada
2020,9,Vissel Kobe,Vegalta Sendai,1,2,A,0,1,A,0,0,0,0,0,1,0,1,0,0,1,0,4-1-4-1,4-1-4-1,Thorsten Fink,Takashi Kiyama,64%,36%,572/636,285/355,90%,80%,5/23,3/8,22%,38%,2/3,5/5,66%,100%,9,12,6,3,30,9,809,521,9,16,14,12,14,14,9,28,2,1,7,16,20,16,63,46,1,0,0,1,0,0,NOEVIR Stadium Kobe,Yoshiro Imamura,Shinji Ochi,Taku Nakano,Takao Nishiyama
2020,9,Yokohama F. Marinos,Kashiwa Reysol,1,1,D,0,0,D,0,0,0,0,0,1,0,0,0,0,1,0,4-2-3-1,4-2-3-1,Ange Postecoglou,Nélson Baptista,74%,26%,685/762,188/264,90%,71%,5/15,3/10,33%,30%,2/3,4/5,66%,80%,10,21,7,7,33,14,967,444,11,16,11,10,8,10,11,34,3,4,3,12,24,18,30,65,1,0,0,1,0,0,Nissan Stadium,Hiroyuki Kimura,Isao Nishihashi,Yusuke Hamamoto,Osamu Akasaka
2020,9,Sanfrecce Hiroshima,Shonan Bellmare,1,0,H,1,0,H,0,0,1,0,0,0,0,0,0,0,0,0,3-4-3,5-3-2,Hiroshi Jofuku,Bin Ukishima,57%,43%,528/603,376/461,88%,82%,8/25,1/5,32%,20%,1/1,7/8,100%,87%,9,9,10,3,33,17,794,637,10,17,8,8,14,17,19,16,5,0,3,9,19,14,38,63,2,0,0,1,0,0,EDION Stadium,Koichiro Fukushima,Haruhiro Otsuka,Toshiyuki Tanaka,Akihiko Ikeuchi
2020,9,Cerezo Osaka,FC Tokyo,0,0,D,0,0,D,0,0,0,0,0,0,0,0,0,0,0,0,4-4-2,4-2-3-1,Lotina,Kenta Hasegawa,59%,41%,454/521,295/356,87%,83%,6/8,5/18,75%,28%,5/5,6/6,100%,100%,9,17,3,7,23,19,697,540,13,21,6,12,14,15,14,21,2,3,5,5,17,13,70,48,2,0,0,2,0,0,Yanmar Stadium Nagai,Yudai Yamamoto,Osamu Nomura,Mikiya Nishimura,Ryosuke Murai
2020,10,Hokkaido Consadole Sapporo,Kawasaki Frontale,1,6,A,0,1,A,0,0,0,0,0,1,0,0,1,2,1,2,3-4-3,4-1-4-1,Mihailo Petrović,Toru Oniki,48%,52%,434/513,486/570,85%,85%,2/13,12/15,15%,80%,6/12,1/2,50%,50%,13,10,2,1,23,6,691,717,10,18,12,12,8,8,8,18,0,0,8,8,16,13,61,53,2,0,0,1,0,0,Sapporo Dome,Hiroyuki Kimura,Isao Nishihashi,Taku Nakano,Shoichiro Mikami
2020,10,Yokohama FC,Shonan Bellmare,4,2,H,4,0,H,2,2,0,0,0,0,0,0,0,0,1,1,4-4-2,3-4-3,Takahiro Shimotaira,Bin Ukishima,52%,49%,418/484,376/438,86%,86%,6/14,2/14,43%,14%,0/2,2/6,0%,33%,12,6,5,4,9,26,605,572,7,6,1,5,17,15,18,7,2,1,14,6,16,9,47,53,1,0,0,1,0,0,NHK Spring Mitsuzawa Football Stadium,Hayato Shimizu,Hiroyuki Igarashi,Kota Watanabe,Toru Kakinuma
2020,10,Vegalta Sendai,Shimizu S-Pulse,0,0,D,0,0,D,0,0,0,0,0,0,0,0,0,0,0,0,4-2-3-1,4-2-3-1,Takashi Kiyama,Peter Cklamovski,43%,58%,338/390,461/542,87%,85%,5/13,3/14,38%,21%,3/3,5/5,100%,100%,12,9,3,5,24,20,573,710,10,13,9,7,10,11,24,16,2,0,10,11,17,31,40,57,2,0,0,1,0,0,Yurtec Stadium Sendai,Masaaki Toma,Hideaki Nishio,Yuki Tsukakoshi,Kentaro Uematsu
2020,10,Oita Trinita,Yokohama F. Marinos,1,0,H,0,0,D,0,0,0,0,1,0,0,0,0,0,0,0,4-1-4-1,4-3-3,Tomohiro Katanosaka,Ange Postecoglou,39%,61%,282/357,487/558,79%,87%,2/5,2/13,40%,15%,2/2,1/2,100%,50%,8,8,3,9,12,18,513,715,11,13,12,10,11,9,15,7,2,1,9,5,27,23,67,34,1,0,0,0,0,0,Ōita Bank Dome,Koichiro Fukushima,Yosuke Takabe,Kentaro Matsui,Takahiro Ogata
2020,10,FC Tokyo,Nagoya Grampus,1,0,H,1,0,H,0,0,1,0,0,0,0,0,0,0,0,0,4-3-3,4-2-3-1,Kenta Hasegawa,Massimo Ficcadenti,41%,59%,207/260,317/366,80%,87%,6/11,3/6,55%,50%,3/3,4/6,100%,66%,11,13,1,2,3,15,378,481,3,12,6,3,16,15,15,5,2,2,6,6,14,17,42,43,0,0,0,2,1,0,Ajinomoto Stadium,Yusuke Araki,Tomokazu Tajiri,Yukitaka 26Kumagai,Shu Kawamata
2020,10,Urawa Red Diamonds,Sanfrecce Hiroshima,1,0,H,1,0,H,1,0,0,0,0,0,0,0,0,0,0,0,4-4-2,3-4-3,Takeshi Ōtsuki,Hiroshi Jofuku,28%,72%,151/199,444/499,76%,89%,1/3,4/19,33%,21%,4/4,0/1,100%,0%,6,5,0,13,4,33,324,623,9,7,5,6,11,13,30,5,1,0,10,3,14,19,53,26,2,0,0,1,0,0,Saitama Stadium 2002,Jumpei Iida,Takumi Takagi,Akihiro Takeda,Futoshi Nakamura
2020,10,Kashiwa Reysol,Cerezo Osaka,1,3,A,0,1,A,0,0,0,0,0,1,1,0,0,1,0,1,4-2-3-1,4-4-2,Nélson Baptista,Lotina,61%,39%,411/478,239/311,86%,77%,9/23,3/5,39%,60%,1/3,8/9,33%,88%,16,11,5,1,34,7,665,494,15,8,13,18,15,16,5,35,2,3,4,9,20,14,37,57,2,0,0,1,0,0,Sankyo Frontier Kashiwa Stadium,Hiroyoshi Takayama,Hiroshi Yamauchi,Takahiro Okano,Noritaka Sekiya
2020,10,Kashima Antlers,Vissel Kobe,2,2,D,1,1,D,0,0,1,0,0,1,0,1,0,0,1,0,4-4-2,3-4-3,Antônio Carlos,Thorsten Fink,48%,53%,337/416,380/465,81%,82%,6/20,6/13,30%,46%,4/6,5/6,66%,83%,21,10,2,3,15,12,577,642,14,16,6,14,20,12,13,12,2,1,8,13,23,16,50,65,2,0,0,3,0,0,Kashima Soccer Stadium,Minoru Tōjō,Ryo Hirama,Tomohisa Gonda,Tatsuya Sakai
2020,11,Yokohama FC,Kashima Antlers,1,0,H,1,0,H,0,1,0,0,0,0,0,0,0,0,0,0,4-4-2,4-2-3-1,Takahiro Shimotaira,Antônio Carlos,35%,65%,236/326,512/603,72%,85%,1/4,5/15,25%,33%,5/5,0/1,100%,0%,15,14,1,6,12,23,520,807,14,19,8,12,13,18,22,14,1,1,20,8,25,29,55,61,2,0,0,1,0,0,NHK Spring Mitsuzawa Football Stadium,Masuya Ueda,Osamu Nomura,Hideaki Nishio,Koki Nagamine
2020,11,Gamba Osaka,Urawa Red Diamonds,1,3,A,0,2,A,0,0,0,1,0,0,0,1,1,1,0,0,3-1-4-2,4-4-2,Tsuneyasu Miyamoto,Takeshi Ōtsuki,67%,33%,694/787,309/395,88%,78%,7/23,5/10,30%,50%,2/5,6/7,40%,85%,7,15,2,2,13,8,949,544,7,11,13,12,15,18,7,19,1,0,2,13,23,20,66,66,1,0,0,1,0,0,Panasonic Stadium Suita,Hiroki Kasahara,Isao Nishihashi,Osamu Akasaka,Takao Nishiyama
2020,11,Sanfrecce Hiroshima,FC Tokyo,3,3,D,2,3,A,1,0,1,0,0,1,0,2,1,0,0,0,3-4-3,4-3-3,Hiroshi Jofuku,Kenta Hasegawa,69%,31%,548/632,216/295,87%,73%,5/14,5/11,36%,45%,3/5,2/5,60%,40%,13,9,4,7,27,10,800,459,12,7,10,12,18,19,13,24,3,0,8,5,23,17,56,61,2,0,0,1,0,0,EDION Stadium,Yoshiro Imamura,Shinji Ochi,Mitsuharu Taketa,Ushido Kosone
2020,11,Vissel Kobe,Kashiwa Reysol,2,3,A,1,0,H,0,0,1,0,0,1,0,0,0,1,0,2,3-4-3,4-2-3-1,Thorsten Fink,Nélson Baptista,67%,33%,469/534,196/268,88%,73%,9/21,7/13,43%,54%,4/7,7/9,57%,77%,12,12,9,3,30,8,713,433,6,13,9,19,10,9,8,28,1,0,5,11,29,17,62,52,1,0,0,0,0,0,NOEVIR Stadium Kobe,Koichiro Fukushima,Takumi Takagi,Akihito Kawasaki,Tadashi Baba
2020,11,Kawasaki Frontale,Cerezo Osaka,5,2,H,2,1,H,0,1,1,1,1,1,1,0,0,1,0,0,4-3-3,4-4-2,Toru Oniki,Lotina,52%,48%,465/537,405/477,87%,85%,9/14,6/12,64%,50%,4/6,4/9,66%,44%,15,7,4,2,7,16,673,619,8,13,9,4,15,6,13,13,1,0,6,9,16,11,52,56,1,0,0,0,0,0,Kawasaki Todoroki Stadium,Takuto Okabe,Hiroyuki Igarashi,Hironobu Kikawada,Kazuyoshi Enomoto
2020,11,Shonan Bellmare,Nagoya Grampus,0,1,A,0,0,D,0,0,0,0,0,0,0,0,0,0,0,1,5-3-2,4-4-2,Bin Ukishima,Massimo Ficcadenti,43%,57%,273/355,379/468,77%,81%,2/7,2/12,29%,17%,2/2,2/2,100%,100%,9,8,4,9,22,20,523,625,16,12,17,6,15,15,18,12,5,1,9,9,16,27,63,67,1,0,0,1,0,0,Shonan BMW Stadium,Shinji Murakami,Satoshi Karakami,Koji Morikawa,Hiroyoshi Takayama
2020,11,Shimizu S-Pulse,Yokohama F. Marinos,3,4,A,2,2,D,1,0,1,0,0,1,1,1,0,0,0,2,4-2-3-1,4-2-3-1,Peter Cklamovski,Ange Postecoglou,47%,53%,356/425,425/487,84%,87%,4/17,10/20,24%,50%,6/10,2/4,60%,50%,5,17,5,7,21,24,630,663,9,15,11,14,10,7,25,12,8,4,10,10,26,20,61,47,0,0,0,2,0,0,IAI Stadium Nihondaira,Koei Koya,Haruhiro Otsuka,Noriyuki Suzuki,Akihiro Takeda
2020,11,Hokkaido Consadole Sapporo,Oita Trinita,1,1,D,0,1,A,0,0,0,0,0,1,0,0,1,0,0,0,3-4-3,3-4-3,Mihailo Petrović,Tomohiro Katanosaka,59%,41%,499/594,314/417,84%,75%,5/19,5/7,26%,71%,4/5,4/5,80%,80%,6,13,10,3,36,10,791,576,9,11,18,16,25,15,2,29,0,0,4,13,36,17,55,88,0,0,0,0,0,0,Sapporo Dome,Yudai Yamamoto,Hiroshi Yamauchi,Takeshi Asada,Yuichi Sato
2020,12,Shimizu S-Pulse,Yokohama FC,2,3,A,1,2,A,0,0,1,0,0,1,0,1,1,1,0,0,4-3-3,4-4-2,Peter Cklamovski,Takahiro Shimotaira,44%,56%,407/484,556/628,84%,89%,10/20,7/10,50%,70%,4/7,8/10,57%,80%,16,7,9,2,19,15,608,770,9,4,10,11,6,11,5,13,1,1,4,12,14,12,52,44,0,0,0,0,0,0,IAI Stadium Nihondaira,Hiroyoshi Takayama,Tadashi Baba,Masahiro Horikoshi,Takahiro Okano
2020,12,Sagan Tosu,Hokkaido Consadole Sapporo,0,2,A,0,0,D,0,0,0,0,0,0,0,0,0,0,2,0,5-3-2,3-4-3,Kim Myunghwi,Mihailo Petrović,49%,51%,414/511,447/525,81%,85%,1/6,6/20,17%,30%,4/6,1/1,66%,100%,6,21,1,4,8,18,650,655,10,5,8,10,15,20,16,3,0,2,14,4,15,11,69,57,1,0,0,2,0,0,Ekimae Real Estate Stadium,Koichiro Fukushima,Yosuke Takabe,Mitsuharu Taketa,Yukimasa Anai
2020,12,Nagoya Grampus,Kawasaki Frontale,1,0,H,1,0,H,0,0,1,0,0,0,0,0,0,0,0,0,4-2-3-1,4-3-3,Massimo Ficcadenti,Toru Oniki,34%,66%,314/382,648/743,82%,87%,3/7,5/16,43%,31%,3/5,2/3,60%,66%,7,12,6,4,11,16,580,908,15,17,17,6,10,17,23,8,1,0,7,2,19,22,55,42,1,0,0,0,0,0,Paloma Mizuho Stadium,Ryūji Satō,Takumi Takagi,Ryosuke Murai,Yuki Noda
2020,12,Cerezo Osaka,Vegalta Sendai,2,1,H,1,1,D,0,1,0,1,0,0,0,0,1,0,0,0,4-4-2,4-2-3-1,Lotina,Takashi Kiyama,47%,53%,378/444,420/492,85%,85%,4/10,2/9,40%,22%,1/2,2/4,50%,50%,7,17,6,5,14,20,604,650,11,10,11,15,10,7,14,14,3,1,10,4,17,20,61,45,2,0,0,0,0,0,Yanmar Stadium Nagai,Yudai Yamamoto,Shinji Ochi,Taku Nakano,Ryo Tanimoto
2020,12,Urawa Red Diamonds,Vissel Kobe,1,2,A,1,1,D,0,0,1,0,0,0,1,0,0,0,0,1,4-4-2,4-1-4-1,Takeshi Ōtsuki,Thorsten Fink,53%,47%,365/456,323/394,80%,82%,4/14,9/19,29%,47%,7/9,2/4,77%,50%,8,11,9,5,19,18,638,575,9,22,10,12,21,14,13,17,2,1,7,8,27,17,77,60,2,0,0,1,0,0,Saitama Stadium 2002,Yuichi Nishimura,Yagi Akane,Hiroki Katsumata,Takafumi Mikuriya
2020,12,Yokohama F. Marinos,Sanfrecce Hiroshima,3,1,H,1,0,H,0,0,1,1,0,1,0,0,0,1,0,0,4-2-3-1,3-4-3,Ange Postecoglou,Hiroshi Jofuku,59%,41%,502/591,308/395,85%,78%,4/15,3/11,27%,27%,2/3,1/4,66%,25%,14,18,2,4,13,20,794,600,18,22,8,21,10,11,14,11,2,9,7,13,28,22,37,67,1,0,0,2,0,0,Nissan Stadium,Minoru Tōjō,Ryo Hirama,Kota Watanabe,Tomohiro Inoue
2020,12,Oita Trinita,Kashiwa Reysol,0,0,D,0,0,D,0,0,0,0,0,0,0,0,0,0,0,0,3-4-3,4-2-3-1,Tomohiro Katanosaka,Nélson Baptista,56%,44%,426/502,344/416,85%,83%,2/9,7/17,22%,41%,6/7,2/2,85%,100%,6,8,3,4,25,13,678,573,13,9,8,14,12,15,17,20,1,2,8,8,24,21,66,41,1,0,0,2,0,0,Ōita Bank Dome,Nobutsugu Murakami,Osamu Nomura,Akihito Kawasaki,Toshiyuki Tanaka
2020,12,Kashima Antlers,Gamba Osaka,1,1,D,0,1,A,0,0,0,0,0,1,1,0,0,0,0,0,4-4-2,3-1-4-2,Antônio Carlos,Tsuneyasu Miyamoto,69%,31%,508/591,164/270,86%,61%,9/24,6/10,38%,60%,5/6,8/9,83%,88%,12,11,7,5,33,7,789,435,9,10,17,19,22,31,11,28,2,2,4,14,25,21,69,75,2,0,0,2,0,0,Kashima Soccer Stadium,Yusuke Araki,Hiroshi Yamauchi,Yuki Tsukakoshi,Naoya Okawa
2020,12,FC Tokyo,Shonan Bellmare,3,0,H,1,0,H,0,0,1,0,0,2,0,0,0,0,0,0,4-3-3,3-1-4-2,Kenta Hasegawa,Bin Ukishima,43%,57%,293/376,404/494,78%,82%,8/16,4/8,50%,50%,4/4,5/8,100%,62%,16,12,4,6,14,20,541,651,14,9,7,9,14,14,14,14,3,0,6,9,24,14,57,69,0,0,0,2,0,0,Ajinomoto Stadium,Takuto Okabe,Isao Nishihashi,Takeshi Suhara,Yukitaka 26Kumagai
2020,13,Vissel Kobe,Yokohama F. Marinos,3,3,D,1,2,A,0,1,0,0,0,2,0,1,1,1,0,0,3-4-3,4-3-3,Thorsten Fink,Ange Postecoglou,53%,47%,384/490,324/431,78%,75%,6/13,5/14,46%,36%,2/5,2/6,40%,33%,9,17,8,0,22,9,678,598,13,13,9,6,6,5,11,11,7,4,12,3,22,36,86,40,1,0,0,3,0,0,NOEVIR Stadium Kobe,Ryūji Satō,Hiroshi Yamauchi,Jun Mihara,Taku Nakano
2020,13,Kashiwa Reysol,Kashima Antlers,2,3,A,0,0,D,0,0,0,1,0,1,0,0,0,0,1,2,4-2-3-1,4-4-2,Nélson Baptista,Antônio Carlos,39%,61%,200/280,352/441,71%,80%,5/12,8/22,42%,36%,5/8,3/5,62%,60%,11,19,4,7,11,25,455,618,19,8,7,11,10,27,20,8,3,2,12,7,21,22,74,81,3,1,0,1,0,0,Sankyo Frontier Kashiwa Stadium,Yoshiro Imamura,Isao Nishihashi,Yusuke Hamamoto,Hirokazu Otsubo
2020,13,Kawasaki Frontale,Shimizu S-Pulse,5,0,H,1,0,H,0,1,0,1,1,2,0,0,0,0,0,0,4-3-3,4-2-3-1,Toru Oniki,Peter Cklamovski,61%,39%,433/508,264/322,85%,82%,16/35,3/7,46%,43%,3/3,10/16,100%,62%,9,7,12,5,26,14,667,478,9,14,15,13,8,11,9,16,1,1,6,13,17,15,49,40,0,0,0,0,0,0,Kawasaki Todoroki Stadium,Hayato Shimizu,Yosuke Takabe,Tomohisa Gonda,Satoshi Karakami
2020,13,Urawa Red Diamonds,Oita Trinita,2,1,H,2,1,H,0,1,1,0,0,0,1,0,0,0,0,0,4-2-2-2,3-4-3,Takeshi Ōtsuki,Tomohiro Katanosaka,46%,54%,400/482,477/536,83%,89%,5/10,3/18,50%,17%,2/3,3/5,66%,60%,8,8,3,3,10,30,647,704,13,8,5,11,15,15,29,12,2,1,9,8,21,19,61,75,0,0,0,0,0,0,Saitama Stadium 2002,Masaaki Toma,Naoya Okawa,Akihiro Takeda,Masaki Tsuruoka
2020,13,Gamba Osaka,FC Tokyo,1,3,A,1,1,D,0,0,1,0,0,0,1,0,0,0,1,1,5-3-2,4-3-3,Tsuneyasu Miyamoto,Kenta Hasegawa,63%,38%,497/578,259/347,86%,75%,7/18,4/12,39%,33%,1/4,6/7,25%,85%,15,11,5,6,15,9,739,489,16,15,8,6,11,12,13,13,1,1,8,9,14,15,67,55,1,0,0,3,0,0,Panasonic Stadium Suita,Hajime Matsuo,Mikiya Nishimura,Noriyuki Suzuki,Kota Watanabe
2020,13,Sanfrecce Hiroshima,Vegalta Sendai,1,1,D,1,0,H,1,0,0,0,0,0,0,0,0,0,1,0,3-4-3,4-2-3-1,Hiroshi Jofuku,Takashi Kiyama,50%,50%,350/441,363/442,79%,82%,6/13,6/13,46%,46%,5/6,4/6,83%,66%,8,8,5,7,30,25,628,643,16,9,8,14,14,18,20,20,0,2,8,11,21,25,55,51,1,0,0,2,0,0,EDION Stadium,Koei Koya,Osamu Nomura,Akihito Kawasaki,Takayuki Shimizu
2020,13,Hokkaido Consadole Sapporo,Nagoya Grampus,0,0,D,0,0,D,0,0,0,0,0,0,0,0,0,0,0,0,3-4-3,4-2-3-1,Mihailo Petrović,Massimo Ficcadenti,53%,47%,374/480,305/410,78%,74%,2/12,2/12,17%,17%,2/2,2/2,100%,100%,19,9,2,7,9,18,638,577,17,19,14,5,21,17,11,15,3,1,10,9,13,20,78,69,2,0,0,0,0,0,Sapporo Dome,Yuichi Nishimura,Tomokazu Tajiri,Takeshi Suhara,Yoshihito Hayashi
2020,13,Yokohama FC,Cerezo Osaka,1,2,A,0,1,A,0,0,0,0,0,1,1,0,0,1,0,0,4-4-2,4-4-2,Takahiro Shimotaira,Lotina,64%,36%,512/571,272/333,90%,82%,4/15,3/11,27%,27%,1/3,4/4,33%,100%,14,10,10,3,42,11,728,504,11,6,11,9,7,17,7,45,1,2,9,12,15,14,46,64,0,0,0,0,0,0,NHK Spring Mitsuzawa Football Stadium,Jumpei Iida,Tadashi Baba,Yuki Tsukakoshi,Yosuke Kubota
2020,14,Hokkaido Consadole Sapporo,Sanfrecce Hiroshima,0,2,A,0,0,D,0,0,0,0,0,0,0,0,0,1,0,1,3-4-3,3-4-3,Mihailo Petrović,Hiroshi Jofuku,64%,36%,417/511,201/289,82%,70%,4/19,3/10,21%,30%,1/3,3/4,33%,75%,18,17,6,0,25,8,656,447,12,12,9,19,12,15,3,19,0,1,8,13,15,12,55,70,2,0,0,3,0,0,Sapporo Dome,Ryūji Satō,Hiroshi Yamauchi,Yukitaka 26Kumagai,Shoji Akisawa
2020,14,Nagoya Grampus,Kashima Antlers,1,3,A,0,2,A,0,0,0,1,0,0,0,1,1,0,1,0,4-2-3-1,4-4-2,Massimo Ficcadenti,Antônio Carlos,54%,46%,382/465,297/393,82%,76%,3/9,4/14,33%,29%,1/4,2/3,25%,66%,16,14,5,4,16,11,634,587,10,16,9,17,17,19,12,17,1,3,9,5,18,27,62,68,2,0,0,1,0,0,Paloma Mizuho Stadium,Koichiro Fukushima,Mitsuharu Taketa,Ryosuke Murai,Hiromichi Oka
2020,14,Yokohama F. Marinos,Kawasaki Frontale,1,3,A,1,1,D,1,0,0,0,0,0,0,0,1,2,0,0,4-1-4-1,4-3-3,Ange Postecoglou,Toru Oniki,54%,46%,502/591,392/481,85%,81%,4/12,3/14,33%,21%,1/3,3/4,33%,75%,9,4,2,6,8,23,772,704,21,27,11,25,4,10,11,13,2,9,6,5,20,23,37,68,0,0,0,1,0,0,Nissan Stadium,Masaaki Toma,Yosuke Takabe,Toshiyuki Tanaka,Tomohiro Inoue
2020,14,Shimizu S-Pulse,Kashiwa Reysol,1,2,A,0,2,A,0,0,0,0,0,1,0,0,2,0,0,0,4-2-3-1,3-1-4-2,Peter Cklamovski,Nélson Baptista,56%,44%,397/473,310/386,84%,80%,4/15,3/13,27%,23%,1/3,4/4,33%,100%,12,12,6,6,31,18,653,549,9,15,10,7,16,11,13,29,1,1,10,16,22,19,40,44,4,0,0,4,0,0,IAI Stadium Nihondaira,Akihiko Ikeuchi,Taku Nakano,Akihiro Takeda,Ryo Tanimoto
2020,14,Oita Trinita,FC Tokyo,0,1,A,0,1,A,0,0,0,0,0,0,0,1,0,0,0,0,3-4-3,4-3-3,Tomohiro Katanosaka,Kenta Hasegawa,66%,34%,591/683,275/356,87%,77%,1/3,2/14,33%,14%,1/2,1/1,50%,100%,17,15,1,3,17,9,822,487,6,9,12,10,23,12,14,15,0,2,10,5,20,16,71,60,1,0,0,0,0,0,Ōita Bank Dome,Yoshiro Imamura,Takumi Takagi,Kentaro Matsui,Hironori Tajima
2020,14,Shonan Bellmare,Vissel Kobe,1,1,D,0,0,D,0,0,0,1,0,0,0,0,0,1,0,0,3-5-2,3-4-3,Bin Ukishima,Thorsten Fink,33%,67%,227/316,559/653,72%,86%,5/11,7/17,45%,41%,5/7,4/5,71%,80%,6,4,2,6,14,20,480,832,13,16,7,11,16,22,18,8,1,1,7,8,21,25,60,81,0,0,0,1,0,0,Shonan BMW Stadium,Hayato Shimizu,Osamu Nomura,Hiroyuki Igarashi,Hirokazu Otsubo
2020,14,Vegalta Sendai,Gamba Osaka,1,4,A,1,2,A,1,0,0,0,0,0,2,0,0,0,1,1,4-2-3-1,3-5-2,Takashi Kiyama,Tsuneyasu Miyamoto,60%,40%,396/495,238/348,80%,68%,6/18,6/16,33%,38%,2/6,5/6,33%,83%,8,8,8,2,37,10,680,495,7,6,3,18,15,29,10,21,2,1,7,14,31,14,66,64,2,0,0,0,0,0,Yurtec Stadium Sendai,Jumpei Iida,Hideaki Nishio,Koji Morikawa,Ryosuke Yamaoka
2020,14,Sagan Tosu,Yokohama FC,3,0,H,1,0,H,1,0,0,0,0,2,0,0,0,0,0,0,4-4-2,4-4-2,Kim Myunghwi,Takahiro Shimotaira,50%,50%,416/501,401/485,83%,83%,6/16,2/12,38%,17%,2/2,3/6,100%,50%,5,14,3,5,9,18,666,638,11,10,17,12,6,13,17,12,4,1,11,12,13,24,58,40,1,0,0,2,0,0,Ekimae Real Estate Stadium,Hajime Matsuo,Isao Nishihashi,Toshiyuki Wazumi,Tetsuro Yoshida
2020,14,Cerezo Osaka,Urawa Red Diamonds,3,0,H,0,0,D,0,0,0,1,1,1,0,0,0,0,0,0,4-4-2,4-4-2,Lotina,Takeshi Ōtsuki,44%,56%,331/408,430/499,81%,86%,3/11,1/14,27%,7%,1/1,1/3,100%,33%,5,15,2,7,8,29,553,647,6,11,13,9,15,14,18,5,0,1,9,8,15,19,71,47,1,0,0,1,0,0,Yanmar Stadium Nagai,Shinji Murakami,Jun Mihara,Shinji Ochi,Koei Koya
2020,15,Kawasaki Frontale,Vissel Kobe,3,2,H,1,1,D,1,0,0,0,0,2,0,1,0,1,0,0,4-3-3,3-4-1-2,Toru Oniki,Thorsten Fink,44%,56%,285/380,373/475,75%,79%,8/18,4/14,44%,29%,2/4,5/8,50%,62%,11,12,7,4,15,17,577,653,8,24,11,25,15,16,21,10,1,0,6,13,27,20,50,77,0,0,0,3,0,0,Kawasaki Todoroki Stadium,Hiroyuki Kimura,Isao Nishihashi,Yukitaka 26Kumagai,Shu Kawamata
2020,15,FC Tokyo,Yokohama FC,2,1,H,1,1,D,0,1,0,0,0,1,0,1,0,0,0,0,4-1-4-1,4-4-2,Kenta Hasegawa,Takahiro Shimotaira,51%,49%,356/444,335/428,80%,78%,2/11,5/12,18%,42%,4/5,0/2,80%,0%,11,16,3,6,18,21,623,626,17,20,13,17,18,17,19,17,5,2,4,8,20,26,61,46,0,0,0,1,0,0,Ajinomoto Stadium,Koichiro Fukushima,Hiroshi Yamauchi,Hironobu Kikawada,Yoshikazu Matsuzawa
2020,15,Kashima Antlers,Vegalta Sendai,2,1,H,1,0,H,0,0,1,0,0,1,0,0,0,0,0,1,4-4-2,4-2-3-1,Antônio Carlos,Takashi Kiyama,60%,40%,463/536,274/342,86%,80%,5/14,2/11,36%,18%,1/2,3/5,50%,60%,9,13,6,7,19,19,704,504,21,13,5,3,22,16,14,13,3,3,6,11,14,21,60,53,0,0,0,2,0,0,Kashima Soccer Stadium,Minoru Tōjō,Yagi Akane,Naoya Okawa,Hayato Shimizu
2020,15,Kashiwa Reysol,Gamba Osaka,3,0,H,2,0,H,1,0,1,0,1,0,0,0,0,0,0,0,4-3-1-2,3-1-4-2,Nélson Baptista,Tsuneyasu Miyamoto,43%,57%,364/442,515/592,82%,87%,8/19,7/17,42%,41%,7/7,5/8,100%,62%,13,12,4,3,20,19,632,786,15,10,14,23,16,12,24,7,4,2,4,7,13,23,59,49,0,0,0,1,0,0,Sankyo Frontier Kashiwa Stadium,Hiroyoshi Takayama,Takumi Takagi,Takeshi Asada,Tomohiro Inoue
2020,15,Oita Trinita,Shonan Bellmare,2,2,D,0,2,A,0,0,0,0,0,2,2,0,0,0,0,0,3-4-3,3-1-4-2,Tomohiro Katanosaka,Bin Ukishima,73%,27%,643/745,192/287,86%,67%,6/16,3/5,38%,60%,1/3,4/6,33%,66%,7,9,7,1,37,6,909,443,11,4,8,16,15,16,2,31,3,1,6,11,29,21,70,72,1,0,0,1,0,0,Ōita Bank Dome,Hiroki Kasahara,Haruhiro Otsuka,Kota Watanabe,Akihiko Ikeuchi
2020,15,Sanfrecce Hiroshima,Shimizu S-Pulse,4,1,H,1,0,H,0,0,1,0,1,2,0,0,0,0,0,1,3-4-3,4-2-3-1,Hiroshi Jofuku,Peter Cklamovski,42%,58%,302/396,470/555,76%,85%,7/21,6/15,33%,40%,5/6,2/7,83%,28%,8,12,6,5,19,18,586,725,15,12,20,8,13,19,7,12,1,1,5,11,31,15,60,44,0,0,0,0,0,0,EDION Stadium,Shinji Murakami,Mitsuharu Taketa,Akihito Kawasaki,Koei Koya
2020,15,Cerezo Osaka,Hokkaido Consadole Sapporo,2,0,H,1,0,H,1,0,0,1,0,0,0,0,0,0,0,0,4-4-2,3-1-4-2,Lotina,Mihailo Petrović,37%,63%,273/345,478/553,79%,86%,3/9,3/13,33%,23%,3/3,1/3,100%,33%,9,21,1,9,7,39,503,698,9,12,8,8,18,15,35,5,0,2,13,6,9,19,65,56,0,0,0,4,0,0,Yanmar Stadium Nagai,Masuya Ueda,Osamu Nomura,Noriyuki Suzuki,Ryo Tanimoto
2020,15,Urawa Red Diamonds,Sagan Tosu,2,2,D,0,1,A,0,0,0,1,0,1,1,0,0,1,0,0,4-4-2,4-4-2,Takeshi Ōtsuki,Kim Myunghwi,51%,49%,416/498,392/473,84%,83%,6/18,6/12,33%,50%,4/6,4/6,66%,66%,10,6,4,2,16,10,670,642,15,12,10,10,21,8,10,21,2,1,13,12,23,21,50,49,1,0,0,1,0,0,Saitama Stadium 2002,Jumpei Iida,Takahiro Okano,Masahiro Horikoshi,Shingo Kuniyoshi
2020,15,Nagoya Grampus,Yokohama F. Marinos,2,1,H,1,1,D,0,1,0,0,1,0,1,0,0,0,0,0,4-2-3-1,3-3-3-1,Massimo Ficcadenti,Ange Postecoglou,30%,70%,173/260,539/618,67%,87%,5/9,3/8,56%,38%,2/3,2/5,66%,40%,21,22,2,3,11,9,436,790,17,7,16,13,7,10,16,18,9,3,8,6,28,29,60,42,2,0,0,3,0,0,Paloma Mizuho Stadium,Yudai Yamamoto,Satoshi Karakami,Osamu Akasaka,Atsushi Kamimura
2020,16,Shimizu S-Pulse,Kashima Antlers,1,2,A,0,2,A,0,0,0,0,0,1,0,1,1,0,0,0,4-2-3-1,4-4-1-1,Peter Cklamovski,Antônio Carlos,52%,48%,357/440,354/429,81%,83%,2/10,6/26,20%,23%,4/6,1/2,66%,50%,13,8,7,5,19,13,632,626,8,21,12,29,8,9,14,16,0,1,16,4,34,22,51,54,0,0,0,2,0,0,IAI Stadium Nihondaira,Yuichi Nishimura,Hiroshi Yamauchi,Noriyuki Suzuki,Makoto Hibino
2020,16,Vissel Kobe,FC Tokyo,2,2,D,1,0,H,0,1,0,0,0,1,0,0,0,2,0,0,4-1-3-2,4-3-3,Thorsten Fink,Kenta Hasegawa,63%,37%,479/569,244/327,84%,75%,4/12,6/11,33%,55%,4/6,2/4,66%,50%,20,16,4,1,13,9,720,486,13,9,9,14,7,9,12,17,1,1,6,3,17,21,67,58,4,0,0,2,0,0,NOEVIR Stadium Kobe,Jumpei Iida,Taku Nakano,Akihiro Takeda,Dai Matsumoto
2020,16,Hokkaido Consadole Sapporo,Urawa Red Diamonds,3,4,A,2,2,D,0,0,2,0,1,0,1,1,0,0,1,1,3-4-3,4-4-2,Mihailo Petrović,Takeshi Ōtsuki,68%,32%,461/541,193/264,85%,73%,9/30,6/8,30%,75%,2/6,7/9,33%,77%,11,7,15,1,46,10,717,444,7,5,16,13,19,15,7,42,2,0,4,13,12,12,61,57,0,0,0,0,0,0,Sapporo Dome,Yusuke Araki,Ryo Hirama,Yuki Tsukakoshi,Shoichiro Mikami
2020,16,Vegalta Sendai,Oita Trinita,0,3,A,0,1,A,0,0,0,0,0,0,0,0,1,0,0,2,4-2-3-1,3-4-3,Takashi Kiyama,Tomohiro Katanosaka,43%,57%,286/362,409/495,79%,83%,3/13,6/14,23%,43%,3/6,3/3,50%,100%,10,9,4,9,23,25,525,644,7,10,7,13,21,10,16,20,1,1,8,14,31,17,55,94,1,0,0,0,0,0,Yurtec Stadium Sendai,Takuto Okabe,Takahiro Okano,Tomokazu Tajiri,Tomokazu Sato
2020,16,Yokohama FC,Nagoya Grampus,3,2,H,2,1,H,0,2,0,0,0,1,1,0,0,0,1,0,4-4-2,4-2-3-1,Takahiro Shimotaira,Massimo Ficcadenti,37%,63%,297/375,532/620,79%,86%,5/11,3/12,45%,25%,1/3,2/5,33%,40%,6,2,3,6,11,36,561,798,13,8,9,9,10,11,43,10,2,2,7,9,24,34,46,56,0,0,0,0,0,0,NHK Spring Mitsuzawa Football Stadium,Masaaki Toma,Osamu Nomura,Tomohisa Gonda,Takayuki Sato
2020,16,Kawasaki Frontale,Sanfrecce Hiroshima,5,1,H,1,0,H,1,0,0,3,0,1,0,0,0,0,0,1,4-3-3,3-4-3,Toru Oniki,Hiroshi Jofuku,51%,49%,452/533,414/504,85%,82%,7/13,3/7,54%,43%,1/3,2/7,33%,28%,9,11,5,3,16,13,686,645,15,7,15,17,8,9,18,11,2,3,5,6,15,18,51,50,0,0,0,0,0,0,Kawasaki Todoroki Stadium,Minoru Tōjō,Takumi Takagi,Hiroki Katsumata,Masaki Tsuruoka
2020,16,Sagan Tosu,Kashiwa Reysol,2,1,H,1,1,D,0,0,1,1,0,0,0,1,0,0,0,0,4-4-2,4-3-1-2,Kim Myunghwi,Nélson Baptista,53%,47%,434/516,352/435,84%,81%,4/11,4/15,36%,27%,3/4,2/4,75%,50%,7,19,2,7,11,28,689,592,10,14,12,13,16,21,19,8,3,0,11,5,15,20,63,56,1,0,0,3,0,0,Ekimae Real Estate Stadium,Yudai Yamamoto,Toshiyuki Wazumi,Toshiyuki Tanaka,Hiroki Kasahara
2020,16,Gamba Osaka,Shonan Bellmare,0,1,A,0,0,D,0,0,0,0,0,0,0,0,0,0,1,0,3-5-2,3-1-4-2,Tsuneyasu Miyamoto,Bin Ukishima,63%,37%,531/632,270/364,84%,74%,6/22,2/11,27%,18%,1/2,6/6,50%,100%,7,11,5,4,23,16,819,538,15,10,6,21,24,24,10,19,2,1,8,12,29,16,56,80,0,0,0,2,0,0,Panasonic Stadium Suita,Koei Koya,Shinji Ochi,Mikiya Nishimura,Reo Tanaka
2020,16,Yokohama F. Marinos,Cerezo Osaka,1,2,A,0,0,D,0,0,0,1,0,0,0,0,0,1,0,1,3-4-3,4-4-1-1,Ange Postecoglou,Lotina,62%,38%,632/712,373/447,89%,83%,5/22,4/16,23%,25%,2/4,3/5,50%,60%,13,3,5,2,30,13,893,641,12,19,14,10,8,15,7,30,1,0,8,17,16,11,34,78,1,0,1,0,0,0,Nissan Stadium,Yoshiro Imamura,Isao Nishihashi,Ryosuke Murai,Futoshi Nakamura
2020,24,Vissel Kobe,Kawasaki Frontale,2,2,D,2,1,H,0,1,1,0,0,0,0,1,0,0,1,0,4-3-3,4-3-3,Thorsten Fink,Toru Oniki,55%,45%,496/578,376/461,86%,82%,4/14,5/9,29%,56%,3/5,1/4,60%,25%,10,11,7,3,19,20,755,649,10,10,19,22,7,11,21,19,0,1,3,13,19,28,67,48,3,0,0,0,0,0,NOEVIR Stadium Kobe,Yoshiro Imamura,Haruhiro Otsuka,Mitsuharu Taketa,Koei Koya
2020,24,FC Tokyo,Oita Trinita,2,3,A,0,0,D,0,0,0,0,1,1,0,0,0,1,0,2,4-3-3,3-4-3,Kenta Hasegawa,Tomohiro Katanosaka,47%,53%,368/445,416/498,83%,84%,10/22,5/13,45%,38%,2/5,7/10,40%,70%,11,19,3,4,14,18,623,657,5,14,6,4,16,21,14,28,1,3,6,13,17,7,43,68,2,0,0,0,0,0,Ajinomoto Stadium,Hiroyuki Kimura,Masahiro Horikoshi,Koji Morikawa,Yagi Akane
2020,24,Yokohama F. Marinos,Shimizu S-Pulse,3,0,H,3,0,H,1,2,0,0,0,0,0,0,0,0,0,0,3-4-3,4-2-3-1,Ange Postecoglou,Peter Cklamovski,69%,31%,716/773,276/349,93%,79%,7/19,1/6,37%,17%,1/1,4/7,100%,57%,9,6,7,2,40,11,970,526,21,18,11,13,10,5,10,30,2,2,6,16,24,14,49,66,0,0,0,1,0,1,Nissan Stadium,Yusuke Araki,Hideaki Nishio,Hironobu Kikawada,Tomohisa Gonda
2020,25,Vissel Kobe,Cerezo Osaka,0,1,A,0,0,D,0,0,0,0,0,0,0,0,0,0,1,0,3-1-4-2,4-4-1-1,Thorsten Fink,Lotina,74%,26%,605/683,164/235,89%,70%,2/21,3/12,10%,25%,2/3,2/2,66%,100%,10,7,11,3,35,9,838,407,9,7,4,15,14,17,8,47,1,0,4,12,20,12,68,61,1,0,0,0,0,1,NOEVIR Stadium Kobe,Ryūji Satō,Tadashi Baba,Yusuke Hamamoto,Kentaro Matsui
2020,26,FC Tokyo,Kashima Antlers,1,2,A,1,0,H,0,0,1,0,0,0,0,0,0,2,0,0,4-3-3,4-4-2,Kenta Hasegawa,Antônio Carlos,40%,60%,177/257,295/391,69%,75%,1/12,10/21,8%,48%,8/10,1/1,80%,100%,18,13,6,4,15,14,446,572,12,16,12,10,15,23,14,16,0,3,5,10,21,21,68,62,1,0,0,2,0,0,Ajinomoto Stadium,Hiroyuki Kimura,Hironobu Kikawada,Hiroki Katsumata,Hayato Shimizu
2020,29,Yokohama F. Marinos,Hokkaido Consadole Sapporo,4,1,H,2,0,H,1,0,1,1,0,1,0,0,0,0,0,1,4-2-3-1,3-4-3,Ange Postecoglou,Mihailo Petrović,59%,41%,524/604,338/410,87%,82%,9/18,2/14,50%,14%,1/2,5/9,50%,55%,11,14,9,4,17,15,784,599,15,16,10,14,8,6,14,26,4,4,12,10,20,17,63,70,2,0,0,1,0,0,Nissan Stadium,Jumpei Iida,Takahiro Okano,Masahiro Horikoshi,Masuya Ueda
